treeID,Rank_structural,Structural_score,Rank_volume,Rank_DBH,Rank_height,Rank_branches,DBH_cm,H_m,BA_m2,Volume_total_m3,Stem_volume_m3,Branch_volume_total_m3,Branch_count,B1_primary_count,B2_secondary_count,B3_tertiary_plus_count,Max_branch_order,Stem_volume_pct,Branch_volume_pct,X_tree,Y_tree,Z_tree,R,G,B
23,1,1.93297349082272,1,1,1,5,39.7971313526729,26.313,0.124392277199601,1.50909724189521,1.29944748719345,0.209649754701768,927,99,388,440,6,86.1076046737401,13.8923953262599,11.1965789473684,12.0992105263158,13.2667987804878,67,216,63
22,2,1.82087113347789,2,2,2,4,37.0565052703835,22.776,0.107849664937919,1.30160941538987,1.11450936930087,0.187100046089,934,76,339,519,7,85.6254845826421,14.3745154173579,15.4886506599441,21.1478020141669,13.423606557377,113,65,248
213,3,1.79477869099602,7,5,13,2,30.50215547463,20.406,0.0730719912404248,0.773889739178249,0.542699919516137,0.231189819662112,1237,40,177,1020,10,70.1262585665499,29.8737414334501,20.5233333333333,7.96333333333335,7.7543137254902,126,24,217
121,4,1.57559324864403,9,14,4,1,22.7896251365697,21.766,0.0407909898819078,0.741036912760539,0.358138636106157,0.382898276654382,1706,67,376,1263,9,48.3293922258212,51.6706077741788,25.0752739726027,7.53828767123288,5.65364077669903,246,17,160
210,5,1.46805976506954,6,13,7,3,26.326590965815,21.154,0.0544351135453853,0.784501954874311,0.510390190590315,0.274111764283996,1095,53,277,765,8,65.0591355979587,34.9408644020413,22.8516869631053,25.7629971373795,7.976213637762,242,38,159
24,6,1.38504100141844,4,9,3,8,28.8553883714439,22.594,0.0653948773041016,0.819515857284983,0.723241494403786,0.0962743628811967,654,106,300,248,7,88.2522879788868,11.7477120211132,10.6337974683544,11.7339240506329,13.5062025316456,248,61,121
18,7,1.25251597776338,3,3,28,15,33.0075314462994,17.177,0.0855689046639739,1.06503145855575,0.836430607601734,0.228600850954014,457,55,144,258,6,78.5357653881876,21.4642346118124,14.683275862069,12.8291379310345,12.0933592017738,167,246,62
14,8,1.23261089300279,12,7,30,16,29.3462015421226,17.058,0.0676384540923136,0.689474427864804,0.602865612168881,0.0866088156959224,424,79,188,157,8,87.4384295927934,12.5615704072066,19.645,19.6873333333333,10.7818784530387,175,58,254
17,9,1.22747918093969,5,6,6,10,30.3503314746694,21.539,0.0723463722463875,0.806821895239254,0.656664258748373,0.150157636490881,538,45,215,278,6,81.3889983183521,18.6110016816479,17.4145454545455,15.9718181818182,12.0110789473684,55,105,236
7,10,1.18263969470556,8,11,10,6,28.1580429913072,20.78,0.0622722871260824,0.768773623453939,0.614602626079827,0.154170997374112,733,92,321,320,6,79.9458523718005,20.0541476281995,25.6407142857143,19.9207142857143,7.19956692913386,61,254,185
19,11,1.1459984579913,10,8,8,11,29.0503515235872,21.12,0.0662815514278989,0.727361850236894,0.672075984933683,0.0552858653032108,531,95,276,160,6,92.3991249630146,7.60087503698534,17.59,18.09,12.3,212,51,190
3,12,1.11274638334999,11,12,5,12,27.3913769681966,21.68,0.0589274449820761,0.706675580338652,0.641580890308365,0.0650946900302869,515,81,212,222,6,90.7886034495359,9.21139655046411,15.593064516129,13.3520967741935,11.8004494382022,242,35,75
177,13,0.993495370105859,14,10,38,23,28.6538846383719,15.709,0.0644847317430675,0.649718045112947,0.600391213635725,0.0493268314772221,319,56,152,111,7,92.4079634468753,7.59203655312468,13.5435135135135,9.83123552123552,11.3612355212355,41,246,254
13,14,0.990529857454902,13,4,29,20,32.0016426020157,17.09,0.0804330287620906,0.65649753860947,0.600641163323713,0.055856375285757,338,63,130,145,6,91.4917616592948,8.50823834070521,17.9916666666667,10.5333333333333,9.96966057441253,247,221,17
83,15,0.911774084454724,15,15,11,7,21.1740555055952,20.691,0.0352125904671993,0.362186032582751,0.282516635648873,0.0796693969338784,664,64,276,324,7,78.0031835115906,21.9968164884094,22.4734782608696,5.54,5.86913043478261,36,221,122
4,16,0.7975007060256,18,18,12,22,17.2125531152613,20.601,0.0232691472685382,0.278673629556633,0.250583442120161,0.0280901874364721,326,49,92,185,8,89.9200410598006,10.0799589401994,14,17.695,14.1189028213166,19,119,226
229,17,0.742200953888648,20,20,15,14,15.6609577217261,19.904,0.0192631149241212,0.207908830168485,0.187730662007763,0.0201781681607219,465,30,83,352,8,90.294703623521,9.70529637647901,26.4287755102041,17.5865306122449,6.75632911392405,44,73,249
9,18,0.679134539292699,24,29,22,9,14.0336374375483,18.312,0.0154678654572829,0.193532646929894,0.126310906997078,0.0672217399328159,572,49,171,352,8,65.2659429821333,34.7340570178667,22.205,23.775,8.64796296296296,47,37,217
8,19,0.547436987435119,22,25,20,17,15.0294208113792,18.812,0.0177408478129307,0.195739143879804,0.156461894925806,0.0392772489539979,415,54,104,257,7,79.9338812996359,20.0661187003641,24.53,14.559,7.8976,251,109,33
192,20,0.500655364695685,17,17,33,13,17.3444506871681,16.835,0.0236271305649857,0.285436371003243,0.164888808355683,0.120547562647559,491,48,148,295,6,57.7672732371623,42.2327267628377,13.2658053691275,7.61184563758389,10.0949137931034,174,62,232
11,21,0.496247282885565,23,21,23,24,15.5928976782444,18.281,0.0190960498367785,0.19462648579835,0.162030168215639,0.0325963175827104,295,30,64,201,7,83.2518593504879,16.7481406495122,22.566875,18.516875,9.08919540229885,244,40,148
186,22,0.475338260647965,27,33,39,18,12.6681753331949,15.324,0.01260427913476,0.139329222031479,0.08124315438368,0.0580860676477989,408,39,100,269,8,58.3102045637811,41.689795436219,13.4228571428571,8.61964285714286,10.6455952380952,222,102,20
173,23,0.437756856646442,16,16,44,19,21.0004308996343,13.207,0.0346374804170921,0.303295627835823,0.24947570467043,0.053819923165393,352,44,160,148,6,82.2549624109563,17.7450375890438,10.415,9.045,12.2628621908127,214,76,41
6,24,0.410698775015668,19,19,9,41,15.9322485889383,21.111,0.0199362756324479,0.229000819681454,0.213770501575473,0.0152303181059808,169,25,78,66,6,93.3492298729906,6.65077012700939,7.13772727272727,15.7163636363636,16.4391304347826,237,74,249
204,25,0.331314603770411,21,24,27,27,15.1119468454949,17.542,0.0179362114855272,0.204562375913748,0.181498255563624,0.0230641203501241,263,20,52,191,6,88.7251405606235,11.2748594393765,23.8877358490566,14.4343396226415,8.18829268292683,178,204,34
147,26,0.307309191390363,25,22,46,25,15.2661178489235,12.421,0.0183040461742568,0.185653098190247,0.161888608574552,0.0237644896156944,287,56,115,116,7,87.1995189698683,12.8004810301317,11.1002054794521,16.9321232876712,15.2793375394322,232,37,78
1,27,0.279095633655178,29,31,16,31,13.2467785049155,19.206,0.0137819424069799,0.135487725403153,0.125387621437849,0.0101001039653047,246,59,123,64,6,92.5453734386262,7.45462656137385,20.2518181818182,20.3745454545455,10.1842433234421,121,37,253
175,28,0.259323348853859,37,53,25,21,7.84014199279192,17.816,0.00482767180153243,0.0937336731662895,0.0510342673406525,0.042699405825637,336,34,125,177,7,54.446033764317,45.553966235683,18.6365217391304,19.7769565217391,11.6239350180505,102,227,25
2,29,0.245243750126883,35,35,17,28,12.1554749516386,19.118,0.0116046954330693,0.115359640670208,0.103349581370593,0.0120100592996145,260,35,116,109,6,89.5890285113239,10.4109714886761,19.4546385542169,14.6634337349398,10.601877394636,32,215,50
25,30,0.229108153641393,36,34,18,29,12.1685143991453,19.063,0.0116296060151828,0.101636335568673,0.0889600150591009,0.0126763205095725,253,37,86,130,6,87.5277670740034,12.4722329259966,13.52,17.525,14.4370114942529,24,159,244
196,31,0.213160208130981,34,37,21,32,12.0740295534195,18.536,0.0114497064012546,0.116642941892818,0.104225904307159,0.0124170375856584,234,37,102,95,6,89.3546601413155,10.6453398586845,20.9921348314607,21.1416853932584,9.69370786516854,136,245,22
10,32,0.169890577829813,30,32,32,37,13.0982508571634,16.841,0.0134746188355991,0.134316196420964,0.122993464738618,0.0113227316823463,189,41,86,62,6,91.5700920782037,8.42990792179627,21.82,13.1457142857143,9.09898550724638,72,215,27
59,33,0.12716325089355,38,44,24,32,10.0824897438674,17.834,0.00798409064936299,0.08733839699831,0.0745452971572131,0.0127930998410968,234,30,87,117,6,85.3522616846925,14.6477383153075,21.1982835820896,17.3035074626866,9.99555555555555,19,125,218
155,34,0.126410237368435,28,23,53,38,15.2486959184567,9.594,0.0182622922901695,0.136482880394811,0.117083377815123,0.0193995025796877,185,44,71,70,7,85.786127517554,14.213872482446,13.7726814628397,18.4538951230034,14.5859637920098,220,12,126
28,35,0.0940963170961364,26,27,14,56,14.8203610843124,20.214,0.0172507289439464,0.163743105873225,0.156719530919189,0.00702357495403588,85,19,39,27,5,95.7106133314255,4.28938666857447,11.5706603773585,19.8614150943396,15.7562429378531,19,207,115
60,36,0.09063445058315,40,41,31,36,10.568829737286,17.03,0.00877291020983609,0.08193453494083,0.071819305460917,0.010115229479913,204,33,82,89,6,87.6544982073581,12.3455017926419,19.0966666666667,13.8644444444445,10.71,179,213,18
215,37,0.0788005808769251,33,40,40,30,11.0515531273171,14.375,0.00959260392366441,0.118522803958709,0.0926507184628339,0.0258720854958752,247,27,100,120,6,78.1712171567519,21.828782843248,24.90125,19.76875,7.55543103448276,239,16,28
96,38,0.0730469180147662,49,54,19,34,7.74236753831435,18.912,0.00470801078604673,0.0563826610609882,0.0506515625668275,0.00573109849416074,216,38,78,100,6,89.8353529501534,10.1646470498466,16.1175,20.07375,13.2984834123223,56,247,184
195,39,0.0558631290458868,41,43,26,44,10.1286354071668,17.547,0.00805734126272775,0.0811445612671889,0.0764427494089574,0.00470181185823143,152,29,69,54,6,94.2056352455348,5.79436475446522,21.4375,15.45,9.73282258064516,22,67,229
79,40,0.0480368781987269,31,28,37,39,14.7070652126188,16.04,0.0169879869080891,0.130003122995911,0.114323421838825,0.0156797011570862,184,45,101,38,5,87.93898116003,12.06101883997,25.9629545454546,18.5172727272727,6.69,251,33,114
15,41,0.0163069557015327,52,59,41,35,6.6523097273092,14.003,0.00347564014101191,0.0400967919780407,0.0339149715274154,0.00618182045062526,214,42,75,97,7,84.5827555131822,15.4172444868178,18.1907692307692,15.1396153846154,11.2767579908676,21,229,84
12,42,0.00467851999629765,42,48,34,45,9.2130571478893,16.754,0.00666649275552696,0.0793776995421325,0.0690007551011092,0.0103769444410233,144,21,47,76,6,86.9271287768735,13.0728712231265,21.44,14.35,9.48557971014493,49,183,212
64,43,-0.0491028105813407,32,26,36,55,14.8841258145397,16.051,0.0173994910996207,0.123037735585454,0.120117173928023,0.00292056165743067,91,31,49,11,5,97.626287867268,2.37371213273203,21.7017647058824,19.7973529411765,9.45905660377358,55,54,224
5,44,-0.103247542980107,39,30,50,49,13.3493994856304,10.86,0.0139963031594354,0.0843181228810816,0.077642609706284,0.00667551317479757,119,33,55,31,6,92.0829438005725,7.9170561994275,12.44,19.92,15.3,199,246,34
228,45,-0.125477112928704,45,38,47,26,11.2978220377621,12.252,0.0100248836383332,0.0697774143374681,0.0582380885124272,0.0115393258250409,281,49,128,104,5,83.4626634784249,16.5373365215751,25.4316632464405,23.4143763747347,6.68767204414454,219,66,38
183,46,-0.164108316413166,44,39,42,42,11.2421530021166,13.443,0.00992633355173452,0.0710064894882759,0.0583987690092846,0.0126077204789914,164,55,66,43,5,82.2442701084764,17.7557298915236,19.9527611940299,15.5917164179104,10.6867931034483,183,229,64
26,47,-0.17766667230029,50,45,49,46,10.0516490820734,11.044,0.00793532133736565,0.0521187494668495,0.042794425480023,0.00932432398682648,134,38,59,37,6,82.1094633270944,17.8905366729056,12.1175,15.80375,14.6057911392405,217,235,40
237,48,-0.229307495925487,43,36,48,50,12.1191635832596,12.208,0.0115354668777867,0.0734628790355243,0.0681423684095515,0.00532051062597277,114,29,41,44,5,92.757552255201,7.24244774479903,26.4901960784314,20.6798039215686,6.26235294117647,52,138,234
47,49,-0.239013722987089,48,42,43,48,10.4623043514647,13.245,0.00859695355797677,0.0573679242995017,0.0494421414077939,0.00792578289170787,121,31,70,20,5,86.1842955127162,13.8157044872839,9.89115384615385,15.2565384615385,15.5453968253968,253,246,45
16,50,-0.271816686201815,47,46,45,52,9.86089235372752,12.859,0.00763699167323832,0.0681036017723261,0.0645459789398849,0.00355762283244115,106,32,53,21,5,94.7761605262311,5.22383947376891,18.875,20.235,11.2514007782101,206,49,47
113,51,-0.368437278945699,61,64,63,40,3.67239320498873,4.884,0.00105922502233094,0.0116230000009207,0.00347600816800836,0.00814699183291236,171,27,54,90,7,29.9062906971781,70.093709302822,18.226632514756,6.52854519385382,7.74598665398329,213,57,102
159,52,-0.372890770697596,54,52,52,43,8.088560414075,9.99,0.00513845252785874,0.0320412370076489,0.0252669741442908,0.00677426286335812,154,33,85,36,5,78.8576737479238,21.1423262520763,10.175,10.745,13.0903482587065,33,205,82
20,53,-0.392055201478967,46,49,35,60,9.09821562810409,16.342,0.00650133181597776,0.0683277767818925,0.0645568694436796,0.00377090733821289,58,25,27,6,4,94.4811502498465,5.51884975015346,15.1763654089179,16.9642662018553,13.587835745271,56,255,224
112,54,-0.402835598686146,51,47,55,53,9.74615856374633,9.341,0.00746030918867225,0.0425043295591192,0.0368238298844773,0.00568049967464195,103,28,51,24,5,86.6354798827236,13.3645201172764,25.1207142857143,20.535,7.23877419354839,14,227,14
54,55,-0.433674040510035,53,50,54,54,8.69001479486523,9.466,0.00593104082002764,0.0343287165689378,0.0299137344317947,0.00441498213714307,99,28,42,29,5,87.1390993360412,12.8609006639588,17.5789609902121,14.0519079874019,11.2943663935226,62,238,225
163,56,-0.463630953566615,55,51,51,57,8.32254633871396,10.274,0.00544004290837891,0.0288935035340421,0.0270970390155452,0.00179646451849685,73,38,31,4,5,93.7824621497345,6.21753785026546,9.065,9.99,13.3864748201439,215,52,196
66,57,-0.594596239261713,56,55,59,60,7.61108778229173,7.507,0.00454970609963263,0.0242516871675008,0.0196999380705307,0.00455174909697009,58,19,28,11,5,81.2312064495463,18.7687935504537,23.1209708737864,28.3687378640777,8.13339805825243,215,48,144
53,58,-0.59494351516267,60,61,60,47,4.57603765202617,6.227,0.00164463322548757,0.0121122218995545,0.00605726817652086,0.00605495372303366,132,29,63,40,5,50.0095542069258,49.9904457930742,19.4197384869804,17.7213095984201,11.2734939872816,222,39,182
162,59,-0.682842796872355,62,60,61,57,4.95837296905624,5.731,0.0019309377093987,0.0108594532283346,0.00719226444945151,0.00366718877888311,73,15,28,30,5,66.2304473183361,33.7695526816639,17.5511168463524,23.1816690134925,12.0094301055691,152,228,44
111,60,-0.708388235899219,59,58,58,59,6.95506521608716,7.625,0.00379920120766334,0.0198038868352444,0.016040407698522,0.00376347913672238,70,27,31,12,4,80.9962601380622,19.0037398619378,23.8417647058823,23.7652941176471,7.58492424242424,121,68,248
29,61,-0.769801332827455,65,73,69,51,2.27271758419539,3.132,0.000405677410733053,0.00360681209602804,0.00121157017334677,0.00239524192268127,107,22,44,41,5,33.5911641940259,66.4088358059741,6.13411214953271,15.1410280373832,16.4078504672897,236,105,68
119,62,-0.858340438111102,67,69,67,63,2.5438957752763,3.364,0.000508263016352878,0.00254548957541747,0.00153913985366088,0.00100634972175658,51,17,25,9,5,60.4653764260048,39.5346235739952,27.1230492572311,16.0196916589695,6.05611568666296,24,32,235
114,63,-0.867790669049608,69,71,71,62,2.4182668830922,2.87,0.000459302001892887,0.00250624831589299,0.00139802895828163,0.00110821935761136,54,16,30,8,5,55.7817415543483,44.2182584456518,21.9464259147171,7.94726180866469,7.3504940039099,56,157,230
154,64,-0.911173134544576,58,56,56,67,7.5536351362961,8.871,0.00448127801309808,0.0204549489461697,0.0202207823399563,0.000234166606213462,27,26,1,0,3,98.8552080631944,1.14479193680564,11.945,15.645,14.7494761904762,91,209,50
225,65,-0.986102342457725,63,62,65,64,3.77970439602611,3.893,0.0011220328005372,0.00532230454540973,0.00380912034795608,0.00151318419745365,36,17,15,4,4,71.5690039052968,28.4309960947032,21.2632524919232,6.83016376419843,7.36707875876427,245,251,44
56,66,-1.02017351683859,68,67,66,64,2.97744287566329,3.387,0.000696268515574737,0.00254356839211977,0.00212362837294236,0.000419940019177413,36,17,14,5,4,83.4901227551644,16.5098772448356,20.5639943690403,19.4339243435697,10.5629376271771,110,42,240
253,67,-1.02308678669202,57,57,57,71,7.37079375039484,8.755,0.00426695830611828,0.0208463344455505,0.0200655408906497,0.000780793554900788,12,7,5,0,3,96.2545283107677,3.74547168923236,28.2918181818182,18.5881818181818,4.94545454545455,55,240,214
185,68,-1.05172945773979,71,68,72,66,2.60455639292367,2.711,0.000532791651969196,0.00230734914977876,0.00155072093065263,0.000756628219126129,35,10,16,9,4,67.2079009282718,32.7920990717282,13.766511627907,9.12697674418605,10.8327906976744,67,226,178
105,69,-1.06771848409316,64,65,62,69,3.6151012108056,4.902,0.00102643346402554,0.00391239509704157,0.00338083189147983,0.000531563205561741,16,7,8,1,4,86.4133556970334,13.5866443029665,15.2709090909091,6.89363636363636,8.65818181818182,207,52,45
216,70,-1.14785889679441,73,72,70,69,2.40852314037973,3.094,0.000455608195781514,0.0017134352414033,0.0014006702613079,0.000312764980095403,16,10,5,1,4,81.7463203430293,18.2536796569708,24.6605405405405,17.952972972973,7.71567567567568,35,110,251
227,71,-1.16428770376308,72,70,75,68,2.51410453502589,1.931,0.000496428314622639,0.00193148072221162,0.00152867034381364,0.00040281037839799,18,10,7,1,4,79.1449961800936,20.8550038199064,25.0528501140095,24.4402551640108,6.94857673424666,53,245,138
477,72,-1.35087569711367,70,66,74,73,3.16655284704376,2.347,0.000787523209955483,0.00241942605745969,0.00234514417140574,7.42818860539504e-05,9,8,1,0,3,96.9297724216485,3.07022757835152,20.4705263157895,7.61105263157895,8.25315789473684,213,253,17
152,73,-1.35948395557088,75,75,73,72,1.83287986956421,2.608,0.000263850477323377,0.000841247347660059,0.000772352513927696,6.88948337323628e-05,10,8,2,0,3,91.8103951324192,8.18960486758083,10.9911363636364,14.5740909090909,14.7235227272727,230,119,64
99,74,-1.42718468725857,76,76,76,74,1.69820246319818,1.884,0.000226500317079944,0.000744592315567799,0.000651875228767899,9.27170867998997e-05,7,6,1,0,3,87.5479393405777,12.4520606594223,18.0887058823529,23.6849411764706,11.7562352941176,69,232,27
55,75,-1.48584295040209,66,63,64,75,3.69020895222581,3.991,0.00106952711038519,0.0033728157098002,0.00330358607194306,6.92296378571372e-05,5,5,0,0,2,97.9474230490572,2.05257695094282,13.0995833333333,8.14395833333333,10.9589583333333,237,165,41
82,76,-1.53223160721747,78,77,78,76,0.249999994412065,1.537,4.90873830179634e-06,0.000456586128311951,0.00041914624077681,3.74398875351411e-05,4,2,2,0,3,91.8000383249573,8.19996167504266,27.22125,15.8475,6.0825,202,65,246
224,77,-1.69177659720565,74,74,68,77,2.22825546930161,3.206,0.000389959804264899,0.0011609222016182,0.00115251615890793,8.40604271026581e-06,1,1,0,0,2,99.2759167928265,0.724083207173463,24.3297222222222,10.3266666666667,6.70444444444444,63,180,235
490,78,-1.77406641282567,77,77,77,77,0.249999994412065,1.83,4.90873830179634e-06,0.000461952280688393,0.000457058044586977,4.89423610141569e-06,1,1,0,0,2,98.9405321055841,1.05946789441593,18.1575,5.525,7.48,67,121,229
