treeID,viewer_file,viewer_html,qsm_file,cylinder_count
1,QSM_viewers/tree_00001.html,D:/R/arbor/plot_arbor_results/QSM_viewers/tree_00001.html,D:/R/arbor/plot_arbor_results/QSF/qsm/tree_1.qsm,1346
2,QSM_viewers/tree_00002.html,D:/R/arbor/plot_arbor_results/QSM_viewers/tree_00002.html,D:/R/arbor/plot_arbor_results/QSF/qsm/tree_2.qsm,1673
3,QSM_viewers/tree_00003.html,D:/R/arbor/plot_arbor_results/QSM_viewers/tree_00003.html,D:/R/arbor/plot_arbor_results/QSF/qsm/tree_3.qsm,2680
4,QSM_viewers/tree_00004.html,D:/R/arbor/plot_arbor_results/QSM_viewers/tree_00004.html,D:/R/arbor/plot_arbor_results/QSF/qsm/tree_4.qsm,1803
5,QSM_viewers/tree_00005.html,D:/R/arbor/plot_arbor_results/QSM_viewers/tree_00005.html,D:/R/arbor/plot_arbor_results/QSF/qsm/tree_5.qsm,622
6,QSM_viewers/tree_00006.html,D:/R/arbor/plot_arbor_results/QSM_viewers/tree_00006.html,D:/R/arbor/plot_arbor_results/QSF/qsm/tree_6.qsm,1265
7,QSM_viewers/tree_00007.html,D:/R/arbor/plot_arbor_results/QSM_viewers/tree_00007.html,D:/R/arbor/plot_arbor_results/QSF/qsm/tree_7.qsm,3680
8,QSM_viewers/tree_00008.html,D:/R/arbor/plot_arbor_results/QSM_viewers/tree_00008.html,D:/R/arbor/plot_arbor_results/QSF/qsm/tree_8.qsm,2544
9,QSM_viewers/tree_00009.html,D:/R/arbor/plot_arbor_results/QSM_viewers/tree_00009.html,D:/R/arbor/plot_arbor_results/QSF/qsm/tree_9.qsm,3820
10,QSM_viewers/tree_00010.html,D:/R/arbor/plot_arbor_results/QSM_viewers/tree_00010.html,D:/R/arbor/plot_arbor_results/QSF/qsm/tree_10.qsm,1260
11,QSM_viewers/tree_00011.html,D:/R/arbor/plot_arbor_results/QSM_viewers/tree_00011.html,D:/R/arbor/plot_arbor_results/QSF/qsm/tree_11.qsm,1968
12,QSM_viewers/tree_00012.html,D:/R/arbor/plot_arbor_results/QSM_viewers/tree_00012.html,D:/R/arbor/plot_arbor_results/QSF/qsm/tree_12.qsm,1018
13,QSM_viewers/tree_00013.html,D:/R/arbor/plot_arbor_results/QSM_viewers/tree_00013.html,D:/R/arbor/plot_arbor_results/QSF/qsm/tree_13.qsm,1695
14,QSM_viewers/tree_00014.html,D:/R/arbor/plot_arbor_results/QSM_viewers/tree_00014.html,D:/R/arbor/plot_arbor_results/QSF/qsm/tree_14.qsm,2046
15,QSM_viewers/tree_00015.html,D:/R/arbor/plot_arbor_results/QSM_viewers/tree_00015.html,D:/R/arbor/plot_arbor_results/QSF/qsm/tree_15.qsm,1258
16,QSM_viewers/tree_00016.html,D:/R/arbor/plot_arbor_results/QSM_viewers/tree_00016.html,D:/R/arbor/plot_arbor_results/QSF/qsm/tree_16.qsm,581
17,QSM_viewers/tree_00017.html,D:/R/arbor/plot_arbor_results/QSM_viewers/tree_00017.html,D:/R/arbor/plot_arbor_results/QSF/qsm/tree_17.qsm,3249
18,QSM_viewers/tree_00018.html,D:/R/arbor/plot_arbor_results/QSM_viewers/tree_00018.html,D:/R/arbor/plot_arbor_results/QSF/qsm/tree_18.qsm,2303
19,QSM_viewers/tree_00019.html,D:/R/arbor/plot_arbor_results/QSM_viewers/tree_00019.html,D:/R/arbor/plot_arbor_results/QSF/qsm/tree_19.qsm,2449
20,QSM_viewers/tree_00020.html,D:/R/arbor/plot_arbor_results/QSM_viewers/tree_00020.html,D:/R/arbor/plot_arbor_results/QSF/qsm/tree_20.qsm,517
22,QSM_viewers/tree_00022.html,D:/R/arbor/plot_arbor_results/QSM_viewers/tree_00022.html,D:/R/arbor/plot_arbor_results/QSF/qsm/tree_22.qsm,4463
23,QSM_viewers/tree_00023.html,D:/R/arbor/plot_arbor_results/QSM_viewers/tree_00023.html,D:/R/arbor/plot_arbor_results/QSF/qsm/tree_23.qsm,4611
24,QSM_viewers/tree_00024.html,D:/R/arbor/plot_arbor_results/QSM_viewers/tree_00024.html,D:/R/arbor/plot_arbor_results/QSF/qsm/tree_24.qsm,3191
25,QSM_viewers/tree_00025.html,D:/R/arbor/plot_arbor_results/QSM_viewers/tree_00025.html,D:/R/arbor/plot_arbor_results/QSF/qsm/tree_25.qsm,1607
26,QSM_viewers/tree_00026.html,D:/R/arbor/plot_arbor_results/QSM_viewers/tree_00026.html,D:/R/arbor/plot_arbor_results/QSF/qsm/tree_26.qsm,531
28,QSM_viewers/tree_00028.html,D:/R/arbor/plot_arbor_results/QSM_viewers/tree_00028.html,D:/R/arbor/plot_arbor_results/QSF/qsm/tree_28.qsm,586
29,QSM_viewers/tree_00029.html,D:/R/arbor/plot_arbor_results/QSM_viewers/tree_00029.html,D:/R/arbor/plot_arbor_results/QSF/qsm/tree_29.qsm,461
47,QSM_viewers/tree_00047.html,D:/R/arbor/plot_arbor_results/QSM_viewers/tree_00047.html,D:/R/arbor/plot_arbor_results/QSF/qsm/tree_47.qsm,489
53,QSM_viewers/tree_00053.html,D:/R/arbor/plot_arbor_results/QSM_viewers/tree_00053.html,D:/R/arbor/plot_arbor_results/QSF/qsm/tree_53.qsm,432
54,QSM_viewers/tree_00054.html,D:/R/arbor/plot_arbor_results/QSM_viewers/tree_00054.html,D:/R/arbor/plot_arbor_results/QSF/qsm/tree_54.qsm,382
55,QSM_viewers/tree_00055.html,D:/R/arbor/plot_arbor_results/QSM_viewers/tree_00055.html,D:/R/arbor/plot_arbor_results/QSF/qsm/tree_55.qsm,67
56,QSM_viewers/tree_00056.html,D:/R/arbor/plot_arbor_results/QSM_viewers/tree_00056.html,D:/R/arbor/plot_arbor_results/QSF/qsm/tree_56.qsm,141
59,QSM_viewers/tree_00059.html,D:/R/arbor/plot_arbor_results/QSM_viewers/tree_00059.html,D:/R/arbor/plot_arbor_results/QSF/qsm/tree_59.qsm,1388
60,QSM_viewers/tree_00060.html,D:/R/arbor/plot_arbor_results/QSM_viewers/tree_00060.html,D:/R/arbor/plot_arbor_results/QSF/qsm/tree_60.qsm,1326
64,QSM_viewers/tree_00064.html,D:/R/arbor/plot_arbor_results/QSM_viewers/tree_00064.html,D:/R/arbor/plot_arbor_results/QSF/qsm/tree_64.qsm,345
66,QSM_viewers/tree_00066.html,D:/R/arbor/plot_arbor_results/QSM_viewers/tree_00066.html,D:/R/arbor/plot_arbor_results/QSF/qsm/tree_66.qsm,261
79,QSM_viewers/tree_00079.html,D:/R/arbor/plot_arbor_results/QSM_viewers/tree_00079.html,D:/R/arbor/plot_arbor_results/QSF/qsm/tree_79.qsm,693
82,QSM_viewers/tree_00082.html,D:/R/arbor/plot_arbor_results/QSM_viewers/tree_00082.html,D:/R/arbor/plot_arbor_results/QSF/qsm/tree_82.qsm,19
83,QSM_viewers/tree_00083.html,D:/R/arbor/plot_arbor_results/QSM_viewers/tree_00083.html,D:/R/arbor/plot_arbor_results/QSF/qsm/tree_83.qsm,2442
96,QSM_viewers/tree_00096.html,D:/R/arbor/plot_arbor_results/QSM_viewers/tree_00096.html,D:/R/arbor/plot_arbor_results/QSF/qsm/tree_96.qsm,1207
99,QSM_viewers/tree_00099.html,D:/R/arbor/plot_arbor_results/QSM_viewers/tree_00099.html,D:/R/arbor/plot_arbor_results/QSF/qsm/tree_99.qsm,55
105,QSM_viewers/tree_00105.html,D:/R/arbor/plot_arbor_results/QSM_viewers/tree_00105.html,D:/R/arbor/plot_arbor_results/QSF/qsm/tree_105.qsm,143
111,QSM_viewers/tree_00111.html,D:/R/arbor/plot_arbor_results/QSM_viewers/tree_00111.html,D:/R/arbor/plot_arbor_results/QSF/qsm/tree_111.qsm,268
112,QSM_viewers/tree_00112.html,D:/R/arbor/plot_arbor_results/QSM_viewers/tree_00112.html,D:/R/arbor/plot_arbor_results/QSF/qsm/tree_112.qsm,368
113,QSM_viewers/tree_00113.html,D:/R/arbor/plot_arbor_results/QSM_viewers/tree_00113.html,D:/R/arbor/plot_arbor_results/QSF/qsm/tree_113.qsm,849
114,QSM_viewers/tree_00114.html,D:/R/arbor/plot_arbor_results/QSM_viewers/tree_00114.html,D:/R/arbor/plot_arbor_results/QSF/qsm/tree_114.qsm,220
119,QSM_viewers/tree_00119.html,D:/R/arbor/plot_arbor_results/QSM_viewers/tree_00119.html,D:/R/arbor/plot_arbor_results/QSF/qsm/tree_119.qsm,251
121,QSM_viewers/tree_00121.html,D:/R/arbor/plot_arbor_results/QSM_viewers/tree_00121.html,D:/R/arbor/plot_arbor_results/QSF/qsm/tree_121.qsm,6683
147,QSM_viewers/tree_00147.html,D:/R/arbor/plot_arbor_results/QSM_viewers/tree_00147.html,D:/R/arbor/plot_arbor_results/QSF/qsm/tree_147.qsm,1383
152,QSM_viewers/tree_00152.html,D:/R/arbor/plot_arbor_results/QSM_viewers/tree_00152.html,D:/R/arbor/plot_arbor_results/QSF/qsm/tree_152.qsm,56
154,QSM_viewers/tree_00154.html,D:/R/arbor/plot_arbor_results/QSM_viewers/tree_00154.html,D:/R/arbor/plot_arbor_results/QSF/qsm/tree_154.qsm,100
155,QSM_viewers/tree_00155.html,D:/R/arbor/plot_arbor_results/QSM_viewers/tree_00155.html,D:/R/arbor/plot_arbor_results/QSF/qsm/tree_155.qsm,867
159,QSM_viewers/tree_00159.html,D:/R/arbor/plot_arbor_results/QSM_viewers/tree_00159.html,D:/R/arbor/plot_arbor_results/QSF/qsm/tree_159.qsm,534
162,QSM_viewers/tree_00162.html,D:/R/arbor/plot_arbor_results/QSM_viewers/tree_00162.html,D:/R/arbor/plot_arbor_results/QSF/qsm/tree_162.qsm,270
163,QSM_viewers/tree_00163.html,D:/R/arbor/plot_arbor_results/QSM_viewers/tree_00163.html,D:/R/arbor/plot_arbor_results/QSF/qsm/tree_163.qsm,273
173,QSM_viewers/tree_00173.html,D:/R/arbor/plot_arbor_results/QSM_viewers/tree_00173.html,D:/R/arbor/plot_arbor_results/QSF/qsm/tree_173.qsm,1275
175,QSM_viewers/tree_00175.html,D:/R/arbor/plot_arbor_results/QSM_viewers/tree_00175.html,D:/R/arbor/plot_arbor_results/QSF/qsm/tree_175.qsm,1317
177,QSM_viewers/tree_00177.html,D:/R/arbor/plot_arbor_results/QSM_viewers/tree_00177.html,D:/R/arbor/plot_arbor_results/QSF/qsm/tree_177.qsm,1679
183,QSM_viewers/tree_00183.html,D:/R/arbor/plot_arbor_results/QSM_viewers/tree_00183.html,D:/R/arbor/plot_arbor_results/QSF/qsm/tree_183.qsm,601
185,QSM_viewers/tree_00185.html,D:/R/arbor/plot_arbor_results/QSM_viewers/tree_00185.html,D:/R/arbor/plot_arbor_results/QSF/qsm/tree_185.qsm,171
186,QSM_viewers/tree_00186.html,D:/R/arbor/plot_arbor_results/QSM_viewers/tree_00186.html,D:/R/arbor/plot_arbor_results/QSF/qsm/tree_186.qsm,1695
192,QSM_viewers/tree_00192.html,D:/R/arbor/plot_arbor_results/QSM_viewers/tree_00192.html,D:/R/arbor/plot_arbor_results/QSF/qsm/tree_192.qsm,1954
195,QSM_viewers/tree_00195.html,D:/R/arbor/plot_arbor_results/QSM_viewers/tree_00195.html,D:/R/arbor/plot_arbor_results/QSF/qsm/tree_195.qsm,957
196,QSM_viewers/tree_00196.html,D:/R/arbor/plot_arbor_results/QSM_viewers/tree_00196.html,D:/R/arbor/plot_arbor_results/QSF/qsm/tree_196.qsm,1536
204,QSM_viewers/tree_00204.html,D:/R/arbor/plot_arbor_results/QSM_viewers/tree_00204.html,D:/R/arbor/plot_arbor_results/QSF/qsm/tree_204.qsm,1724
210,QSM_viewers/tree_00210.html,D:/R/arbor/plot_arbor_results/QSM_viewers/tree_00210.html,D:/R/arbor/plot_arbor_results/QSF/qsm/tree_210.qsm,6509
213,QSM_viewers/tree_00213.html,D:/R/arbor/plot_arbor_results/QSM_viewers/tree_00213.html,D:/R/arbor/plot_arbor_results/QSF/qsm/tree_213.qsm,7597
215,QSM_viewers/tree_00215.html,D:/R/arbor/plot_arbor_results/QSM_viewers/tree_00215.html,D:/R/arbor/plot_arbor_results/QSF/qsm/tree_215.qsm,904
216,QSM_viewers/tree_00216.html,D:/R/arbor/plot_arbor_results/QSM_viewers/tree_00216.html,D:/R/arbor/plot_arbor_results/QSF/qsm/tree_216.qsm,111
224,QSM_viewers/tree_00224.html,D:/R/arbor/plot_arbor_results/QSM_viewers/tree_00224.html,D:/R/arbor/plot_arbor_results/QSF/qsm/tree_224.qsm,38
225,QSM_viewers/tree_00225.html,D:/R/arbor/plot_arbor_results/QSM_viewers/tree_00225.html,D:/R/arbor/plot_arbor_results/QSF/qsm/tree_225.qsm,220
227,QSM_viewers/tree_00227.html,D:/R/arbor/plot_arbor_results/QSM_viewers/tree_00227.html,D:/R/arbor/plot_arbor_results/QSF/qsm/tree_227.qsm,108
228,QSM_viewers/tree_00228.html,D:/R/arbor/plot_arbor_results/QSM_viewers/tree_00228.html,D:/R/arbor/plot_arbor_results/QSF/qsm/tree_228.qsm,975
229,QSM_viewers/tree_00229.html,D:/R/arbor/plot_arbor_results/QSM_viewers/tree_00229.html,D:/R/arbor/plot_arbor_results/QSF/qsm/tree_229.qsm,1927
237,QSM_viewers/tree_00237.html,D:/R/arbor/plot_arbor_results/QSM_viewers/tree_00237.html,D:/R/arbor/plot_arbor_results/QSF/qsm/tree_237.qsm,425
253,QSM_viewers/tree_00253.html,D:/R/arbor/plot_arbor_results/QSM_viewers/tree_00253.html,D:/R/arbor/plot_arbor_results/QSF/qsm/tree_253.qsm,114
477,QSM_viewers/tree_00477.html,D:/R/arbor/plot_arbor_results/QSM_viewers/tree_00477.html,D:/R/arbor/plot_arbor_results/QSF/qsm/tree_477.qsm,73
490,QSM_viewers/tree_00490.html,D:/R/arbor/plot_arbor_results/QSM_viewers/tree_00490.html,D:/R/arbor/plot_arbor_results/QSF/qsm/tree_490.qsm,13
